File,Incident_Angle_deg,Data_Points,Multi_Beam_Significant,Eta_Value,Substrate_Type,Calculated_Thickness_um
附件1.csv,10,7469,True,0.04499446468246476,SiO2,0.07030736592112255
附件2.csv,15,7469,True,0.04499446468246476,SiO2,0.06787036883546838
附件3.csv,10,7469,True,0.04499446468246476,SiO2,0.04778433901123574
附件4.csv,15,7469,True,0.04499446468246476,SiO2,0.047121586952239
