Attachment,Incident_Angle_deg,Multi_Beam_Significant,Eta_Value,Double_Beam_Thickness_um,Multi_Beam_Thickness_um,Correction_Percent,SIC_Refractive_Index
附件1,10.0,False,0.00019162175556193428,0.5282182601276236,0.5282182601276236,0.0,2.809111915407498
附件2,10.0,False,0.00019162175556193428,0.5274241109983113,0.5274241109983113,0.0,2.809111915407498
